CREATE TABLE CATEGORIA_PRODUTO (
CATEGORIAPRODUTOID   INTEGER NOT NULL,
DS_CATEGORIA_PRODUTO VARCHAR(50) NOT NULL,
PRIMARY KEY(CATEGORIAPRODUTOID));

CREATE TABLE CLIENTE(
CLIENTEID        INTEGER NOT NULL,
TIPO_CLIENTE     CHAR(1) NOT NULL, 
CPF_CNPJ_CLIENTE VARCHAR(18) NOT NULL,
NOME_CLIENTE     VARCHAR(100) NOT NULL,
PRIMARY KEY(CLIENTEID));

CREATE TABLE PRODUTO (
PRODUTOID            INTEGER NOT NULL,
CATEGORIAPRODUTOID   INTEGER NOT NULL,
DS_PRODUTO           VARCHAR(50) NOT NULL,
OBS_PRODUTO          VARCHAR(300) NULL,
VL_VENDA_PRODUTO     NUMERIC(15,2) NOT NULL,
DT_CADASTRO_PRODUTO  TIMESTAMP NOT NULL,
STATUS_PRODUTO       VARCHAR(10) NOT NULL,
PRIMARY KEY(PRODUTOID),
FOREIGN KEY (CATEGORIAPRODUTOID) REFERENCES CATEGORIA_PRODUTO (CATEGORIAPRODUTOID));

CREATE TABLE ORCAMENTO(
ORCAMENTOID           INTEGER NOT NULL,
CLIENTEID             INTEGER NOT NULL,
DT_ORCAMENTO          TIMESTAMP NOT NULL,
DT_VALIDADE_ORCAMENTO TIMESTAMP NOT NULL,
VL_TOTAL_ORCAMENTO    NUMERIC(15,2) NOT NULL,
PRIMARY KEY(ORCAMENTOID),
FOREIGN KEY(CLIENTEID) REFERENCES CLIENTE(CLIENTEID));

CREATE TABLE ORCAMENTO_ITEM(
ORCAMENTOITEMID INTEGER NOT NULL,
ORCAMENTOID     INTEGER NOT NULL,
PRODUTOID        INTEGER NOT NULL,
PRODUTODESC  VARCHAR(50),
QT_PRODUTO      NUMERIC(15,2) NOT NULL,
VL_UNITARIO     NUMERIC(15,2) NOT NULL,
VL_TOTAL        NUMERIC(15,2) NOT NULL,
PRIMARY KEY(ORCAMENTOITEMID),
FOREIGN KEY(ORCAMENTOID) REFERENCES ORCAMENTO (ORCAMENTOID),
FOREIGN KEY(PRODUTOID) REFERENCES PRODUTO(PRODUTOID));

CREATE TABLE USUARIOS(
ID            SERIAL PRIMARY KEY,
USUARIO       VARCHAR(30),
NOME_COMPLETO VARCHAR(60),
SENHA         VARCHAR(50));

INSERT INTO CATEGORIA_PRODUTO (CATEGORIAPRODUTOID, DS_CATEGORIA_PRODUTO) VALUES (1,'BASIC');
INSERT INTO CATEGORIA_PRODUTO (CATEGORIAPRODUTOID, DS_CATEGORIA_PRODUTO) VALUES (2,'PLATINUM');
INSERT INTO CATEGORIA_PRODUTO (CATEGORIAPRODUTOID, DS_CATEGORIA_PRODUTO) VALUES (3,'PREMIUM');
INSERT INTO CATEGORIA_PRODUTO (CATEGORIAPRODUTOID, DS_CATEGORIA_PRODUTO) VALUES (4,'ELITE');


INSERT INTO CLIENTE (CLIENTEID, TIPO_CLIENTE, CPF_CNPJ_CLIENTE, NOME_CLIENTE) VALUES (1, 'F', '943.051.830-56','José da Silva');
INSERT INTO CLIENTE (CLIENTEID, TIPO_CLIENTE, CPF_CNPJ_CLIENTE, NOME_CLIENTE) VALUES (2, 'F', '802.202.930-07','Pedro de Oliveira');
INSERT INTO CLIENTE (CLIENTEID, TIPO_CLIENTE, CPF_CNPJ_CLIENTE, NOME_CLIENTE) VALUES (3, 'F','637.502.500-14','Maria Eduarda Meireles');
INSERT INTO CLIENTE (CLIENTEID, TIPO_CLIENTE, CPF_CNPJ_CLIENTE, NOME_CLIENTE) VALUES (4,'F', '997.192.890-66','Sandra Gomes');

INSERT INTO PRODUTO (PRODUTOID, CATEGORIAPRODUTOID , DS_PRODUTO, OBS_PRODUTO, VL_VENDA_PRODUTO, DT_CADASTRO_PRODUTO, STATUS_PRODUTO) VALUES (1, 1, 'CHAPA METALICA', 'CHAPA GENERICA', 106.22, '18/02/2022', 'ATIVO');
INSERT INTO PRODUTO (PRODUTOID, CATEGORIAPRODUTOID , DS_PRODUTO, OBS_PRODUTO, VL_VENDA_PRODUTO, DT_CADASTRO_PRODUTO, STATUS_PRODUTO) VALUES (2, 1, 'FOLHA METALICA', 'FOLHA GENERICA', 10.88, '18/02/2022', 'ATIVO');
INSERT INTO PRODUTO (PRODUTOID, CATEGORIAPRODUTOID , DS_PRODUTO, OBS_PRODUTO, VL_VENDA_PRODUTO, DT_CADASTRO_PRODUTO,  STATUS_PRODUTO) VALUES (3, 3, 'CHAPA DOURADA', 'CHAPA ESPECIFICA', 158.88, '18/02/2022', 'ATIVO');
INSERT INTO PRODUTO (PRODUTOID, CATEGORIAPRODUTOID , DS_PRODUTO, OBS_PRODUTO, VL_VENDA_PRODUTO, DT_CADASTRO_PRODUTO, STATUS_PRODUTO) VALUES (4, 4, 'FOLHA DIAMANTE', 'FOLHA UNICA', 665.33, '18/02/2022', 'ATIVO');

INSERT INTO ORCAMENTO (ORCAMENTOID, CLIENTEID, DT_ORCAMENTO, DT_VALIDADE_ORCAMENTO, VL_TOTAL_ORCAMENTO) VALUES (1, 1, '18/02/2022', '19/02/2022', 10700.00);
INSERT INTO ORCAMENTO (ORCAMENTOID, CLIENTEID, DT_ORCAMENTO, DT_VALIDADE_ORCAMENTO, VL_TOTAL_ORCAMENTO) VALUES (2, 3, '17/02/2022', '19/02/2022', 2700.00);
INSERT INTO ORCAMENTO (ORCAMENTOID, CLIENTEID, DT_ORCAMENTO, DT_VALIDADE_ORCAMENTO, VL_TOTAL_ORCAMENTO) VALUES (3, 4, '18/02/2022', '19/02/2022', 1200.00);
INSERT INTO ORCAMENTO (ORCAMENTOID, CLIENTEID, DT_ORCAMENTO, DT_VALIDADE_ORCAMENTO, VL_TOTAL_ORCAMENTO) VALUES (4, 2, '17/02/2022', '19/02/2022', 8000.00);

INSERT INTO ORCAMENTO_ITEM (ORCAMENTOITEMID, ORCAMENTOID, PRODUTOID, QT_PRODUTO, VL_UNITARIO, VL_TOTAL) VALUES (1, 1, 1, 10, 100.00, 1000.00);
INSERT INTO ORCAMENTO_ITEM (ORCAMENTOITEMID, ORCAMENTOID, PRODUTOID, QT_PRODUTO, VL_UNITARIO, VL_TOTAL) VALUES (2, 1, 2, 20, 10.00, 200.00);
INSERT INTO ORCAMENTO_ITEM (ORCAMENTOITEMID, ORCAMENTOID, PRODUTOID, QT_PRODUTO, VL_UNITARIO, VL_TOTAL) VALUES (3, 1, 4, 30, 500.00, 1500.00);
INSERT INTO ORCAMENTO_ITEM (ORCAMENTOITEMID, ORCAMENTOID, PRODUTOID, QT_PRODUTO, VL_UNITARIO, VL_TOTAL) VALUES (4, 1, 3, 40, 200.00, 8000.00);

iNSERT INTO ORCAMENTO_ITEM (ORCAMENTOITEMID, ORCAMENTOID, PRODUTOID, QT_PRODUTO, VL_UNITARIO, VL_TOTAL) VALUES (5, 2, 1, 10, 100.00, 1000.00);
INSERT INTO ORCAMENTO_ITEM (ORCAMENTOITEMID, ORCAMENTOID, PRODUTOID, QT_PRODUTO, VL_UNITARIO, VL_TOTAL) VALUES (6, 2, 2, 20, 10.00, 200.00);
INSERT INTO ORCAMENTO_ITEM (ORCAMENTOITEMID, ORCAMENTOID, PRODUTOID, QT_PRODUTO, VL_UNITARIO, VL_TOTAL) VALUES (7, 2, 4, 30, 500.00, 1500.00);
INSERT INTO ORCAMENTO_ITEM (ORCAMENTOITEMID, ORCAMENTOID, PRODUTOID, QT_PRODUTO, VL_UNITARIO, VL_TOTAL) VALUES (8, 3, 1, 10, 100.00, 1000.00);
INSERT INTO ORCAMENTO_ITEM (ORCAMENTOITEMID, ORCAMENTOID, PRODUTOID, QT_PRODUTO, VL_UNITARIO, VL_TOTAL) VALUES (9, 3, 2, 20, 10.00, 200.00);
INSERT INTO ORCAMENTO_ITEM (ORCAMENTOITEMID, ORCAMENTOID, PRODUTOID, QT_PRODUTO, VL_UNITARIO, VL_TOTAL) VALUES (10, 4, 3, 40, 200.00, 8000.00);

